<?xml version="1.0" encoding="UTF-8"?>
<keymap version="1" name="Vim" disable-mnemonics="false" parent="$default">
  <action id="VimKeyHandler">
    <keyboard-shortcut first-keystroke="control 2" />
    <keyboard-shortcut first-keystroke="control A" />
    <keyboard-shortcut first-keystroke="control alt SPACE" />
    <keyboard-shortcut first-keystroke="control B" />
    <keyboard-shortcut first-keystroke="control BACK_SLASH" />
    <keyboard-shortcut first-keystroke="control C" />
    <keyboard-shortcut first-keystroke="control CLOSE_BRACKET" />
    <keyboard-shortcut first-keystroke="control D" />
    <keyboard-shortcut first-keystroke="control E" />
    <keyboard-shortcut first-keystroke="control END" />
    <keyboard-shortcut first-keystroke="control F" />
    <keyboard-shortcut first-keystroke="control G" />
    <keyboard-shortcut first-keystroke="control H" />
    <keyboard-shortcut first-keystroke="control HOME" />
    <keyboard-shortcut first-keystroke="control I" />
    <keyboard-shortcut first-keystroke="control J" />
    <keyboard-shortcut first-keystroke="control K" />
    <keyboard-shortcut first-keystroke="control L" />
    <keyboard-shortcut first-keystroke="control LEFT" />
    <keyboard-shortcut first-keystroke="control M" />
    <keyboard-shortcut first-keystroke="control O" />
    <keyboard-shortcut first-keystroke="control OPEN_BRACKET" />
    <keyboard-shortcut first-keystroke="control P" />
    <keyboard-shortcut first-keystroke="control PAGE_DOWN" />
    <keyboard-shortcut first-keystroke="control PAGE_UP" />
    <keyboard-shortcut first-keystroke="control Q" />
    <keyboard-shortcut first-keystroke="control R" />
    <keyboard-shortcut first-keystroke="control RIGHT" />
    <keyboard-shortcut first-keystroke="control S" />
    <keyboard-shortcut first-keystroke="control SPACE" />
    <keyboard-shortcut first-keystroke="control T" />
    <keyboard-shortcut first-keystroke="control U" />
    <keyboard-shortcut first-keystroke="control V" />
    <keyboard-shortcut first-keystroke="control W" />
    <keyboard-shortcut first-keystroke="control X" />
    <keyboard-shortcut first-keystroke="control Y" />
    <keyboard-shortcut first-keystroke="control Z" />
    <keyboard-shortcut first-keystroke="KP_DOWN" />
    <keyboard-shortcut first-keystroke="KP_LEFT" />
    <keyboard-shortcut first-keystroke="KP_RIGHT" />
    <keyboard-shortcut first-keystroke="KP_UP" />
    <keyboard-shortcut first-keystroke="shift control 2" />
    <keyboard-shortcut first-keystroke="shift control SPACE" />
    <keyboard-shortcut first-keystroke="shift DOWN" />
    <keyboard-shortcut first-keystroke="shift LEFT" />
    <keyboard-shortcut first-keystroke="shift RIGHT" />
    <keyboard-shortcut first-keystroke="shift UP" />
  </action>
</keymap>

